No.,Title,Faves,Artist,Link
1,Disposal,2,victimcrasher,https://www.deviantart.com/victimcrasher/art/Disposal-771530336
2,Captivating,2,victimcrasher,https://www.deviantart.com/victimcrasher/art/Captivating-770945353
3,Sia - Chandelier,3,victimcrasher,https://www.deviantart.com/victimcrasher/art/Sia-Chandelier-759063896
4,Campfire,1,victimcrasher,https://www.deviantart.com/victimcrasher/art/Campfire-754593944
5,Bloom,3,victimcrasher,https://www.deviantart.com/victimcrasher/art/Bloom-752297161
6,The Freedom Within,2,victimcrasher,https://www.deviantart.com/victimcrasher/art/The-Freedom-Within-751108966
7,The Conform (or the lack of),2,victimcrasher,https://www.deviantart.com/victimcrasher/art/The-Conform-or-the-lack-of-751108809
8,A Beauty that Strangles,1,victimcrasher,https://www.deviantart.com/victimcrasher/art/A-Beauty-that-Strangles-751108592
9,Don't be naughty,0,victimcrasher,https://www.deviantart.com/victimcrasher/art/Don-t-be-naughty-751108052
10,Heli,1,victimcrasher,https://www.deviantart.com/victimcrasher/art/Heli-751108229
